<?xml version="1.0" encoding="UTF-8"?>
<spirit:component xmlns:xilinx="http://www.xilinx.com" xmlns:spirit="http://www.spiritconsortium.org/XMLSchema/SPIRIT/1685-2009" xmlns:xsi="http://www.w3.org/2001/XMLSchema-instance">
  <spirit:vendor>ufl.edu</spirit:vendor>
  <spirit:library>user</spirit:library>
  <spirit:name>fibonacci</spirit:name>
  <spirit:version>1.0</spirit:version>
  <spirit:busInterfaces>
    <spirit:busInterface>
      <spirit:name>S00_AXI</spirit:name>
      <spirit:busType spirit:vendor="xilinx.com" spirit:library="interface" spirit:name="aximm" spirit:version="1.0"/>
      <spirit:abstractionType spirit:vendor="xilinx.com" spirit:library="interface" spirit:name="aximm_rtl" spirit:version="1.0"/>
      <spirit:slave>
        <spirit:memoryMapRef spirit:memoryMapRef="S00_AXI"/>
      </spirit:slave>
      <spirit:portMaps>
        <spirit:portMap>
          <spirit:logicalPort>
            <spirit:name>AWADDR</spirit:name>
          </spirit:logicalPort>
          <spirit:physicalPort>
            <spirit:name>s00_axi_awaddr</spirit:name>
          </spirit:physicalPort>
        </spirit:portMap>
        <spirit:portMap>
          <spirit:logicalPort>
            <spirit:name>AWPROT</spirit:name>
          </spirit:logicalPort>
          <spirit:physicalPort>
            <spirit:name>s00_axi_awprot</spirit:name>
          </spirit:physicalPort>
        </spirit:portMap>
        <spirit:portMap>
          <spirit:logicalPort>
            <spirit:name>AWVALID</spirit:name>
          </spirit:logicalPort>
          <spirit:physicalPort>
            <spirit:name>s00_axi_awvalid</spirit:name>
          </spirit:physicalPort>
        </spirit:portMap>
        <spirit:portMap>
          <spirit:logicalPort>
            <spirit:name>AWREADY</spirit:name>
          </spirit:logicalPort>
          <spirit:physicalPort>
            <spirit:name>s00_axi_awready</spirit:name>
          </spirit:physicalPort>
        </spirit:portMap>
        <spirit:portMap>
          <spirit:logicalPort>
            <spirit:name>WDATA</spirit:name>
          </spirit:logicalPort>
          <spirit:physicalPort>
            <spirit:name>s00_axi_wdata</spirit:name>
          </spirit:physicalPort>
        </spirit:portMap>
        <spirit:portMap>
          <spirit:logicalPort>
            <spirit:name>WSTRB</spirit:name>
          </spirit:logicalPort>
          <spirit:physicalPort>
            <spirit:name>s00_axi_wstrb</spirit:name>
          </spirit:physicalPort>
        </spirit:portMap>
        <spirit:portMap>
          <spirit:logicalPort>
            <spirit:name>WVALID</spirit:name>
          </spirit:logicalPort>
          <spirit:physicalPort>
            <spirit:name>s00_axi_wvalid</spirit:name>
          </spirit:physicalPort>
        </spirit:portMap>
        <spirit:portMap>
          <spirit:logicalPort>
            <spirit:name>WREADY</spirit:name>
          </spirit:logicalPort>
          <spirit:physicalPort>
            <spirit:name>s00_axi_wready</spirit:name>
          </spirit:physicalPort>
        </spirit:portMap>
        <spirit:portMap>
          <spirit:logicalPort>
            <spirit:name>BRESP</spirit:name>
          </spirit:logicalPort>
          <spirit:physicalPort>
            <spirit:name>s00_axi_bresp</spirit:name>
          </spirit:physicalPort>
        </spirit:portMap>
        <spirit:portMap>
          <spirit:logicalPort>
            <spirit:name>BVALID</spirit:name>
          </spirit:logicalPort>
          <spirit:physicalPort>
            <spirit:name>s00_axi_bvalid</spirit:name>
          </spirit:physicalPort>
        </spirit:portMap>
        <spirit:portMap>
          <spirit:logicalPort>
            <spirit:name>BREADY</spirit:name>
          </spirit:logicalPort>
          <spirit:physicalPort>
            <spirit:name>s00_axi_bready</spirit:name>
          </spirit:physicalPort>
        </spirit:portMap>
        <spirit:portMap>
          <spirit:logicalPort>
            <spirit:name>ARADDR</spirit:name>
          </spirit:logicalPort>
          <spirit:physicalPort>
            <spirit:name>s00_axi_araddr</spirit:name>
          </spirit:physicalPort>
        </spirit:portMap>
        <spirit:portMap>
          <spirit:logicalPort>
            <spirit:name>ARPROT</spirit:name>
          </spirit:logicalPort>
          <spirit:physicalPort>
            <spirit:name>s00_axi_arprot</spirit:name>
          </spirit:physicalPort>
        </spirit:portMap>
        <spirit:portMap>
          <spirit:logicalPort>
            <spirit:name>ARVALID</spirit:name>
          </spirit:logicalPort>
          <spirit:physicalPort>
            <spirit:name>s00_axi_arvalid</spirit:name>
          </spirit:physicalPort>
        </spirit:portMap>
        <spirit:portMap>
          <spirit:logicalPort>
            <spirit:name>ARREADY</spirit:name>
          </spirit:logicalPort>
          <spirit:physicalPort>
            <spirit:name>s00_axi_arready</spirit:name>
          </spirit:physicalPort>
        </spirit:portMap>
        <spirit:portMap>
          <spirit:logicalPort>
            <spirit:name>RDATA</spirit:name>
          </spirit:logicalPort>
          <spirit:physicalPort>
            <spirit:name>s00_axi_rdata</spirit:name>
          </spirit:physicalPort>
        </spirit:portMap>
        <spirit:portMap>
          <spirit:logicalPort>
            <spirit:name>RRESP</spirit:name>
          </spirit:logicalPort>
          <spirit:physicalPort>
            <spirit:name>s00_axi_rresp</spirit:name>
          </spirit:physicalPort>
        </spirit:portMap>
        <spirit:portMap>
          <spirit:logicalPort>
            <spirit:name>RVALID</spirit:name>
          </spirit:logicalPort>
          <spirit:physicalPort>
            <spirit:name>s00_axi_rvalid</spirit:name>
          </spirit:physicalPort>
        </spirit:portMap>
        <spirit:portMap>
          <spirit:logicalPort>
            <spirit:name>RREADY</spirit:name>
          </spirit:logicalPort>
          <spirit:physicalPort>
            <spirit:name>s00_axi_rready</spirit:name>
          </spirit:physicalPort>
        </spirit:portMap>
      </spirit:portMaps>
      <spirit:parameters>
        <spirit:parameter>
          <spirit:name>WIZ_DATA_WIDTH</spirit:name>
          <spirit:value spirit:format="long" spirit:id="BUSIFPARAM_VALUE.S00_AXI.WIZ_DATA_WIDTH" spirit:choiceRef="choice_list_6fc15197">32</spirit:value>
        </spirit:parameter>
        <spirit:parameter>
          <spirit:name>WIZ_NUM_REG</spirit:name>
          <spirit:value spirit:format="long" spirit:id="BUSIFPARAM_VALUE.S00_AXI.WIZ_NUM_REG" spirit:minimum="4" spirit:maximum="512" spirit:rangeType="long">4</spirit:value>
        </spirit:parameter>
        <spirit:parameter>
          <spirit:name>SUPPORTS_NARROW_BURST</spirit:name>
          <spirit:value spirit:format="long" spirit:id="BUSIFPARAM_VALUE.S00_AXI.SUPPORTS_NARROW_BURST" spirit:choiceRef="choice_pairs_ce1226b1">0</spirit:value>
        </spirit:parameter>
      </spirit:parameters>
    </spirit:busInterface>
    <spirit:busInterface>
      <spirit:name>S00_AXI_RST</spirit:name>
      <spirit:busType spirit:vendor="xilinx.com" spirit:library="signal" spirit:name="reset" spirit:version="1.0"/>
      <spirit:abstractionType spirit:vendor="xilinx.com" spirit:library="signal" spirit:name="reset_rtl" spirit:version="1.0"/>
      <spirit:slave/>
      <spirit:portMaps>
        <spirit:portMap>
          <spirit:logicalPort>
            <spirit:name>RST</spirit:name>
          </spirit:logicalPort>
          <spirit:physicalPort>
            <spirit:name>s00_axi_aresetn</spirit:name>
          </spirit:physicalPort>
        </spirit:portMap>
      </spirit:portMaps>
      <spirit:parameters>
        <spirit:parameter>
          <spirit:name>POLARITY</spirit:name>
          <spirit:value spirit:id="BUSIFPARAM_VALUE.S00_AXI_RST.POLARITY" spirit:choiceRef="choice_list_9d8b0d81">ACTIVE_LOW</spirit:value>
        </spirit:parameter>
      </spirit:parameters>
    </spirit:busInterface>
    <spirit:busInterface>
      <spirit:name>S00_AXI_CLK</spirit:name>
      <spirit:busType spirit:vendor="xilinx.com" spirit:library="signal" spirit:name="clock" spirit:version="1.0"/>
      <spirit:abstractionType spirit:vendor="xilinx.com" spirit:library="signal" spirit:name="clock_rtl" spirit:version="1.0"/>
      <spirit:slave/>
      <spirit:portMaps>
        <spirit:portMap>
          <spirit:logicalPort>
            <spirit:name>CLK</spirit:name>
          </spirit:logicalPort>
          <spirit:physicalPort>
            <spirit:name>s00_axi_aclk</spirit:name>
          </spirit:physicalPort>
        </spirit:portMap>
      </spirit:portMaps>
      <spirit:parameters>
        <spirit:parameter>
          <spirit:name>ASSOCIATED_BUSIF</spirit:name>
          <spirit:value spirit:id="BUSIFPARAM_VALUE.S00_AXI_CLK.ASSOCIATED_BUSIF">S00_AXI</spirit:value>
        </spirit:parameter>
        <spirit:parameter>
          <spirit:name>ASSOCIATED_RESET</spirit:name>
          <spirit:value spirit:id="BUSIFPARAM_VALUE.S00_AXI_CLK.ASSOCIATED_RESET">s00_axi_aresetn</spirit:value>
        </spirit:parameter>
      </spirit:parameters>
    </spirit:busInterface>
  </spirit:busInterfaces>
  <spirit:memoryMaps>
    <spirit:memoryMap>
      <spirit:name>S00_AXI</spirit:name>
      <spirit:addressBlock>
        <spirit:name>S00_AXI_reg</spirit:name>
        <spirit:baseAddress spirit:format="long" spirit:resolve="user">0</spirit:baseAddress>
        <spirit:range spirit:format="long">4096</spirit:range>
        <spirit:width spirit:format="long">32</spirit:width>
        <spirit:usage>register</spirit:usage>
        <spirit:parameters>
          <spirit:parameter>
            <spirit:name>OFFSET_BASE_PARAM</spirit:name>
            <spirit:value spirit:id="ADDRBLOCKPARAM_VALUE.S00_AXI.S00_AXI_REG.OFFSET_BASE_PARAM">C_S00_AXI_BASEADDR</spirit:value>
          </spirit:parameter>
          <spirit:parameter>
            <spirit:name>OFFSET_HIGH_PARAM</spirit:name>
            <spirit:value spirit:id="ADDRBLOCKPARAM_VALUE.S00_AXI.S00_AXI_REG.OFFSET_HIGH_PARAM">C_S00_AXI_HIGHADDR</spirit:value>
          </spirit:parameter>
        </spirit:parameters>
      </spirit:addressBlock>
    </spirit:memoryMap>
  </spirit:memoryMaps>
  <spirit:model>
    <spirit:views>
      <spirit:view>
        <spirit:name>xilinx_vhdlsynthesis</spirit:name>
        <spirit:displayName>VHDL Synthesis</spirit:displayName>
        <spirit:envIdentifier>vhdlSource:vivado.xilinx.com:synthesis</spirit:envIdentifier>
        <spirit:language>vhdl</spirit:language>
        <spirit:modelName>fibonacci_v1_0</spirit:modelName>
        <spirit:fileSetRef>
          <spirit:localName>xilinx_vhdlsynthesis_view_fileset</spirit:localName>
        </spirit:fileSetRef>
        <spirit:parameters>
          <spirit:parameter>
            <spirit:name>viewChecksum</spirit:name>
            <spirit:value>5c8700b2</spirit:value>
          </spirit:parameter>
        </spirit:parameters>
      </spirit:view>
      <spirit:view>
        <spirit:name>xilinx_vhdlbehavioralsimulation</spirit:name>
        <spirit:displayName>VHDL Simulation</spirit:displayName>
        <spirit:envIdentifier>vhdlSource:vivado.xilinx.com:simulation</spirit:envIdentifier>
        <spirit:language>vhdl</spirit:language>
        <spirit:modelName>fibonacci_v1_0</spirit:modelName>
        <spirit:fileSetRef>
          <spirit:localName>xilinx_vhdlbehavioralsimulation_view_fileset</spirit:localName>
        </spirit:fileSetRef>
        <spirit:parameters>
          <spirit:parameter>
            <spirit:name>viewChecksum</spirit:name>
            <spirit:value>5c8700b2</spirit:value>
          </spirit:parameter>
        </spirit:parameters>
      </spirit:view>
      <spirit:view>
        <spirit:name>xilinx_softwaredriver</spirit:name>
        <spirit:displayName>Software Driver</spirit:displayName>
        <spirit:envIdentifier>:vivado.xilinx.com:sw.driver</spirit:envIdentifier>
        <spirit:fileSetRef>
          <spirit:localName>xilinx_softwaredriver_view_fileset</spirit:localName>
        </spirit:fileSetRef>
        <spirit:parameters>
          <spirit:parameter>
            <spirit:name>viewChecksum</spirit:name>
            <spirit:value>765dfa43</spirit:value>
          </spirit:parameter>
        </spirit:parameters>
      </spirit:view>
      <spirit:view>
        <spirit:name>xilinx_xpgui</spirit:name>
        <spirit:displayName>UI Layout</spirit:displayName>
        <spirit:envIdentifier>:vivado.xilinx.com:xgui.ui</spirit:envIdentifier>
        <spirit:fileSetRef>
          <spirit:localName>xilinx_xpgui_view_fileset</spirit:localName>
        </spirit:fileSetRef>
        <spirit:parameters>
          <spirit:parameter>
            <spirit:name>viewChecksum</spirit:name>
            <spirit:value>35c26f22</spirit:value>
          </spirit:parameter>
        </spirit:parameters>
      </spirit:view>
      <spirit:view>
        <spirit:name>bd_tcl</spirit:name>
        <spirit:displayName>Block Diagram</spirit:displayName>
        <spirit:envIdentifier>:vivado.xilinx.com:block.diagram</spirit:envIdentifier>
        <spirit:fileSetRef>
          <spirit:localName>bd_tcl_view_fileset</spirit:localName>
        </spirit:fileSetRef>
        <spirit:parameters>
          <spirit:parameter>
            <spirit:name>viewChecksum</spirit:name>
            <spirit:value>16328387</spirit:value>
          </spirit:parameter>
        </spirit:parameters>
      </spirit:view>
      <spirit:view>
        <spirit:name>xilinx_testbench</spirit:name>
        <spirit:displayName>Test Bench</spirit:displayName>
        <spirit:envIdentifier>:vivado.xilinx.com:simulation.testbench</spirit:envIdentifier>
        <spirit:fileSetRef>
          <spirit:localName>xilinx_testbench_view_fileset</spirit:localName>
        </spirit:fileSetRef>
        <spirit:parameters>
          <spirit:parameter>
            <spirit:name>viewChecksum</spirit:name>
            <spirit:value>0d583946</spirit:value>
          </spirit:parameter>
        </spirit:parameters>
      </spirit:view>
    </spirit:views>
    <spirit:ports>
      <spirit:port>
        <spirit:name>s00_axi_aclk</spirit:name>
        <spirit:wire>
          <spirit:direction>in</spirit:direction>
          <spirit:wireTypeDefs>
            <spirit:wireTypeDef>
              <spirit:typeName>std_logic</spirit:typeName>
              <spirit:viewNameRef>xilinx_vhdlsynthesis</spirit:viewNameRef>
              <spirit:viewNameRef>xilinx_vhdlbehavioralsimulation</spirit:viewNameRef>
            </spirit:wireTypeDef>
          </spirit:wireTypeDefs>
        </spirit:wire>
      </spirit:port>
      <spirit:port>
        <spirit:name>s00_axi_aresetn</spirit:name>
        <spirit:wire>
          <spirit:direction>in</spirit:direction>
          <spirit:wireTypeDefs>
            <spirit:wireTypeDef>
              <spirit:typeName>std_logic</spirit:typeName>
              <spirit:viewNameRef>xilinx_vhdlsynthesis</spirit:viewNameRef>
              <spirit:viewNameRef>xilinx_vhdlbehavioralsimulation</spirit:viewNameRef>
            </spirit:wireTypeDef>
          </spirit:wireTypeDefs>
        </spirit:wire>
      </spirit:port>
      <spirit:port>
        <spirit:name>s00_axi_awaddr</spirit:name>
        <spirit:wire>
          <spirit:direction>in</spirit:direction>
          <spirit:vector>
            <spirit:left spirit:format="long" spirit:resolve="dependent" spirit:dependency="(spirit:decode(id(&apos;MODELPARAM_VALUE.C_S00_AXI_ADDR_WIDTH&apos;)) - 1)">19</spirit:left>
            <spirit:right spirit:format="long">0</spirit:right>
          </spirit:vector>
          <spirit:wireTypeDefs>
            <spirit:wireTypeDef>
              <spirit:typeName>std_logic_vector</spirit:typeName>
              <spirit:viewNameRef>xilinx_vhdlsynthesis</spirit:viewNameRef>
              <spirit:viewNameRef>xilinx_vhdlbehavioralsimulation</spirit:viewNameRef>
            </spirit:wireTypeDef>
          </spirit:wireTypeDefs>
        </spirit:wire>
      </spirit:port>
      <spirit:port>
        <spirit:name>s00_axi_awprot</spirit:name>
        <spirit:wire>
          <spirit:direction>in</spirit:direction>
          <spirit:vector>
            <spirit:left spirit:format="long">2</spirit:left>
            <spirit:right spirit:format="long">0</spirit:right>
          </spirit:vector>
          <spirit:wireTypeDefs>
            <spirit:wireTypeDef>
              <spirit:typeName>std_logic_vector</spirit:typeName>
              <spirit:viewNameRef>xilinx_vhdlsynthesis</spirit:viewNameRef>
              <spirit:viewNameRef>xilinx_vhdlbehavioralsimulation</spirit:viewNameRef>
            </spirit:wireTypeDef>
          </spirit:wireTypeDefs>
        </spirit:wire>
      </spirit:port>
      <spirit:port>
        <spirit:name>s00_axi_awvalid</spirit:name>
        <spirit:wire>
          <spirit:direction>in</spirit:direction>
          <spirit:wireTypeDefs>
            <spirit:wireTypeDef>
              <spirit:typeName>std_logic</spirit:typeName>
              <spirit:viewNameRef>xilinx_vhdlsynthesis</spirit:viewNameRef>
              <spirit:viewNameRef>xilinx_vhdlbehavioralsimulation</spirit:viewNameRef>
            </spirit:wireTypeDef>
          </spirit:wireTypeDefs>
        </spirit:wire>
      </spirit:port>
      <spirit:port>
        <spirit:name>s00_axi_awready</spirit:name>
        <spirit:wire>
          <spirit:direction>out</spirit:direction>
          <spirit:wireTypeDefs>
            <spirit:wireTypeDef>
              <spirit:typeName>std_logic</spirit:typeName>
              <spirit:viewNameRef>xilinx_vhdlsynthesis</spirit:viewNameRef>
              <spirit:viewNameRef>xilinx_vhdlbehavioralsimulation</spirit:viewNameRef>
            </spirit:wireTypeDef>
          </spirit:wireTypeDefs>
        </spirit:wire>
      </spirit:port>
      <spirit:port>
        <spirit:name>s00_axi_wdata</spirit:name>
        <spirit:wire>
          <spirit:direction>in</spirit:direction>
          <spirit:vector>
            <spirit:left spirit:format="long" spirit:resolve="dependent" spirit:dependency="(spirit:decode(id(&apos;MODELPARAM_VALUE.C_S00_AXI_DATA_WIDTH&apos;)) - 1)">31</spirit:left>
            <spirit:right spirit:format="long">0</spirit:right>
          </spirit:vector>
          <spirit:wireTypeDefs>
            <spirit:wireTypeDef>
              <spirit:typeName>std_logic_vector</spirit:typeName>
              <spirit:viewNameRef>xilinx_vhdlsynthesis</spirit:viewNameRef>
              <spirit:viewNameRef>xilinx_vhdlbehavioralsimulation</spirit:viewNameRef>
            </spirit:wireTypeDef>
          </spirit:wireTypeDefs>
        </spirit:wire>
      </spirit:port>
      <spirit:port>
        <spirit:name>s00_axi_wstrb</spirit:name>
        <spirit:wire>
          <spirit:direction>in</spirit:direction>
          <spirit:vector>
            <spirit:left spirit:format="long" spirit:resolve="dependent" spirit:dependency="((spirit:decode(id(&apos;MODELPARAM_VALUE.C_S00_AXI_DATA_WIDTH&apos;)) / 8) - 1)">3</spirit:left>
            <spirit:right spirit:format="long">0</spirit:right>
          </spirit:vector>
          <spirit:wireTypeDefs>
            <spirit:wireTypeDef>
              <spirit:typeName>std_logic_vector</spirit:typeName>
              <spirit:viewNameRef>xilinx_vhdlsynthesis</spirit:viewNameRef>
              <spirit:viewNameRef>xilinx_vhdlbehavioralsimulation</spirit:viewNameRef>
            </spirit:wireTypeDef>
          </spirit:wireTypeDefs>
        </spirit:wire>
      </spirit:port>
      <spirit:port>
        <spirit:name>s00_axi_wvalid</spirit:name>
        <spirit:wire>
          <spirit:direction>in</spirit:direction>
          <spirit:wireTypeDefs>
            <spirit:wireTypeDef>
              <spirit:typeName>std_logic</spirit:typeName>
              <spirit:viewNameRef>xilinx_vhdlsynthesis</spirit:viewNameRef>
              <spirit:viewNameRef>xilinx_vhdlbehavioralsimulation</spirit:viewNameRef>
            </spirit:wireTypeDef>
          </spirit:wireTypeDefs>
        </spirit:wire>
      </spirit:port>
      <spirit:port>
        <spirit:name>s00_axi_wready</spirit:name>
        <spirit:wire>
          <spirit:direction>out</spirit:direction>
          <spirit:wireTypeDefs>
            <spirit:wireTypeDef>
              <spirit:typeName>std_logic</spirit:typeName>
              <spirit:viewNameRef>xilinx_vhdlsynthesis</spirit:viewNameRef>
              <spirit:viewNameRef>xilinx_vhdlbehavioralsimulation</spirit:viewNameRef>
            </spirit:wireTypeDef>
          </spirit:wireTypeDefs>
        </spirit:wire>
      </spirit:port>
      <spirit:port>
        <spirit:name>s00_axi_bresp</spirit:name>
        <spirit:wire>
          <spirit:direction>out</spirit:direction>
          <spirit:vector>
            <spirit:left spirit:format="long">1</spirit:left>
            <spirit:right spirit:format="long">0</spirit:right>
          </spirit:vector>
          <spirit:wireTypeDefs>
            <spirit:wireTypeDef>
              <spirit:typeName>std_logic_vector</spirit:typeName>
              <spirit:viewNameRef>xilinx_vhdlsynthesis</spirit:viewNameRef>
              <spirit:viewNameRef>xilinx_vhdlbehavioralsimulation</spirit:viewNameRef>
            </spirit:wireTypeDef>
          </spirit:wireTypeDefs>
        </spirit:wire>
      </spirit:port>
      <spirit:port>
        <spirit:name>s00_axi_bvalid</spirit:name>
        <spirit:wire>
          <spirit:direction>out</spirit:direction>
          <spirit:wireTypeDefs>
            <spirit:wireTypeDef>
              <spirit:typeName>std_logic</spirit:typeName>
              <spirit:viewNameRef>xilinx_vhdlsynthesis</spirit:viewNameRef>
              <spirit:viewNameRef>xilinx_vhdlbehavioralsimulation</spirit:viewNameRef>
            </spirit:wireTypeDef>
          </spirit:wireTypeDefs>
        </spirit:wire>
      </spirit:port>
      <spirit:port>
        <spirit:name>s00_axi_bready</spirit:name>
        <spirit:wire>
          <spirit:direction>in</spirit:direction>
          <spirit:wireTypeDefs>
            <spirit:wireTypeDef>
              <spirit:typeName>std_logic</spirit:typeName>
              <spirit:viewNameRef>xilinx_vhdlsynthesis</spirit:viewNameRef>
              <spirit:viewNameRef>xilinx_vhdlbehavioralsimulation</spirit:viewNameRef>
            </spirit:wireTypeDef>
          </spirit:wireTypeDefs>
        </spirit:wire>
      </spirit:port>
      <spirit:port>
        <spirit:name>s00_axi_araddr</spirit:name>
        <spirit:wire>
          <spirit:direction>in</spirit:direction>
          <spirit:vector>
            <spirit:left spirit:format="long" spirit:resolve="dependent" spirit:dependency="(spirit:decode(id(&apos;MODELPARAM_VALUE.C_S00_AXI_ADDR_WIDTH&apos;)) - 1)">19</spirit:left>
            <spirit:right spirit:format="long">0</spirit:right>
          </spirit:vector>
          <spirit:wireTypeDefs>
            <spirit:wireTypeDef>
              <spirit:typeName>std_logic_vector</spirit:typeName>
              <spirit:viewNameRef>xilinx_vhdlsynthesis</spirit:viewNameRef>
              <spirit:viewNameRef>xilinx_vhdlbehavioralsimulation</spirit:viewNameRef>
            </spirit:wireTypeDef>
          </spirit:wireTypeDefs>
        </spirit:wire>
      </spirit:port>
      <spirit:port>
        <spirit:name>s00_axi_arprot</spirit:name>
        <spirit:wire>
          <spirit:direction>in</spirit:direction>
          <spirit:vector>
            <spirit:left spirit:format="long">2</spirit:left>
            <spirit:right spirit:format="long">0</spirit:right>
          </spirit:vector>
          <spirit:wireTypeDefs>
            <spirit:wireTypeDef>
              <spirit:typeName>std_logic_vector</spirit:typeName>
              <spirit:viewNameRef>xilinx_vhdlsynthesis</spirit:viewNameRef>
              <spirit:viewNameRef>xilinx_vhdlbehavioralsimulation</spirit:viewNameRef>
            </spirit:wireTypeDef>
          </spirit:wireTypeDefs>
        </spirit:wire>
      </spirit:port>
      <spirit:port>
        <spirit:name>s00_axi_arvalid</spirit:name>
        <spirit:wire>
          <spirit:direction>in</spirit:direction>
          <spirit:wireTypeDefs>
            <spirit:wireTypeDef>
              <spirit:typeName>std_logic</spirit:typeName>
              <spirit:viewNameRef>xilinx_vhdlsynthesis</spirit:viewNameRef>
              <spirit:viewNameRef>xilinx_vhdlbehavioralsimulation</spirit:viewNameRef>
            </spirit:wireTypeDef>
          </spirit:wireTypeDefs>
        </spirit:wire>
      </spirit:port>
      <spirit:port>
        <spirit:name>s00_axi_arready</spirit:name>
        <spirit:wire>
          <spirit:direction>out</spirit:direction>
          <spirit:wireTypeDefs>
            <spirit:wireTypeDef>
              <spirit:typeName>std_logic</spirit:typeName>
              <spirit:viewNameRef>xilinx_vhdlsynthesis</spirit:viewNameRef>
              <spirit:viewNameRef>xilinx_vhdlbehavioralsimulation</spirit:viewNameRef>
            </spirit:wireTypeDef>
          </spirit:wireTypeDefs>
        </spirit:wire>
      </spirit:port>
      <spirit:port>
        <spirit:name>s00_axi_rdata</spirit:name>
        <spirit:wire>
          <spirit:direction>out</spirit:direction>
          <spirit:vector>
            <spirit:left spirit:format="long" spirit:resolve="dependent" spirit:dependency="(spirit:decode(id(&apos;MODELPARAM_VALUE.C_S00_AXI_DATA_WIDTH&apos;)) - 1)">31</spirit:left>
            <spirit:right spirit:format="long">0</spirit:right>
          </spirit:vector>
          <spirit:wireTypeDefs>
            <spirit:wireTypeDef>
              <spirit:typeName>std_logic_vector</spirit:typeName>
              <spirit:viewNameRef>xilinx_vhdlsynthesis</spirit:viewNameRef>
              <spirit:viewNameRef>xilinx_vhdlbehavioralsimulation</spirit:viewNameRef>
            </spirit:wireTypeDef>
          </spirit:wireTypeDefs>
        </spirit:wire>
      </spirit:port>
      <spirit:port>
        <spirit:name>s00_axi_rresp</spirit:name>
        <spirit:wire>
          <spirit:direction>out</spirit:direction>
          <spirit:vector>
            <spirit:left spirit:format="long">1</spirit:left>
            <spirit:right spirit:format="long">0</spirit:right>
          </spirit:vector>
          <spirit:wireTypeDefs>
            <spirit:wireTypeDef>
              <spirit:typeName>std_logic_vector</spirit:typeName>
              <spirit:viewNameRef>xilinx_vhdlsynthesis</spirit:viewNameRef>
              <spirit:viewNameRef>xilinx_vhdlbehavioralsimulation</spirit:viewNameRef>
            </spirit:wireTypeDef>
          </spirit:wireTypeDefs>
        </spirit:wire>
      </spirit:port>
      <spirit:port>
        <spirit:name>s00_axi_rvalid</spirit:name>
        <spirit:wire>
          <spirit:direction>out</spirit:direction>
          <spirit:wireTypeDefs>
            <spirit:wireTypeDef>
              <spirit:typeName>std_logic</spirit:typeName>
              <spirit:viewNameRef>xilinx_vhdlsynthesis</spirit:viewNameRef>
              <spirit:viewNameRef>xilinx_vhdlbehavioralsimulation</spirit:viewNameRef>
            </spirit:wireTypeDef>
          </spirit:wireTypeDefs>
        </spirit:wire>
      </spirit:port>
      <spirit:port>
        <spirit:name>s00_axi_rready</spirit:name>
        <spirit:wire>
          <spirit:direction>in</spirit:direction>
          <spirit:wireTypeDefs>
            <spirit:wireTypeDef>
              <spirit:typeName>std_logic</spirit:typeName>
              <spirit:viewNameRef>xilinx_vhdlsynthesis</spirit:viewNameRef>
              <spirit:viewNameRef>xilinx_vhdlbehavioralsimulation</spirit:viewNameRef>
            </spirit:wireTypeDef>
          </spirit:wireTypeDefs>
        </spirit:wire>
      </spirit:port>
    </spirit:ports>
    <spirit:modelParameters>
      <spirit:modelParameter xsi:type="spirit:nameValueTypeType" spirit:dataType="integer">
        <spirit:name>C_S00_AXI_DATA_WIDTH</spirit:name>
        <spirit:displayName>C S00 AXI DATA WIDTH</spirit:displayName>
        <spirit:description>Width of S_AXI data bus</spirit:description>
        <spirit:value spirit:format="long" spirit:resolve="generated" spirit:id="MODELPARAM_VALUE.C_S00_AXI_DATA_WIDTH" spirit:order="3" spirit:rangeType="long">32</spirit:value>
      </spirit:modelParameter>
      <spirit:modelParameter spirit:dataType="integer">
        <spirit:name>C_S00_AXI_ADDR_WIDTH</spirit:name>
        <spirit:displayName>C S00 AXI ADDR WIDTH</spirit:displayName>
        <spirit:description>Width of S_AXI address bus</spirit:description>
        <spirit:value spirit:format="long" spirit:resolve="generated" spirit:id="MODELPARAM_VALUE.C_S00_AXI_ADDR_WIDTH" spirit:order="4" spirit:rangeType="long">20</spirit:value>
      </spirit:modelParameter>
    </spirit:modelParameters>
  </spirit:model>
  <spirit:choices>
    <spirit:choice>
      <spirit:name>choice_list_0fbde0c1</spirit:name>
      <spirit:enumeration>20</spirit:enumeration>
    </spirit:choice>
    <spirit:choice>
      <spirit:name>choice_list_6fc15197</spirit:name>
      <spirit:enumeration>32</spirit:enumeration>
    </spirit:choice>
    <spirit:choice>
      <spirit:name>choice_list_9d8b0d81</spirit:name>
      <spirit:enumeration>ACTIVE_HIGH</spirit:enumeration>
      <spirit:enumeration>ACTIVE_LOW</spirit:enumeration>
    </spirit:choice>
    <spirit:choice>
      <spirit:name>choice_pairs_ce1226b1</spirit:name>
      <spirit:enumeration spirit:text="true">1</spirit:enumeration>
      <spirit:enumeration spirit:text="false">0</spirit:enumeration>
    </spirit:choice>
  </spirit:choices>
  <spirit:fileSets>
    <spirit:fileSet>
      <spirit:name>xilinx_vhdlsynthesis_view_fileset</spirit:name>
      <spirit:file>
        <spirit:name>src/config_pkg.vhd</spirit:name>
        <spirit:fileType>vhdlSource</spirit:fileType>
      </spirit:file>
      <spirit:file>
        <spirit:name>src/datapath.vhd</spirit:name>
        <spirit:fileType>vhdlSource</spirit:fileType>
      </spirit:file>
      <spirit:file>
        <spirit:name>src/fsm.vhd</spirit:name>
        <spirit:fileType>vhdlSource</spirit:fileType>
      </spirit:file>
      <spirit:file>
        <spirit:name>src/fib.vhd</spirit:name>
        <spirit:fileType>vhdlSource</spirit:fileType>
      </spirit:file>
      <spirit:file>
        <spirit:name>src/user_pkg.vhd</spirit:name>
        <spirit:fileType>vhdlSource</spirit:fileType>
      </spirit:file>
      <spirit:file>
        <spirit:name>src/memory_map.vhd</spirit:name>
        <spirit:fileType>vhdlSource</spirit:fileType>
      </spirit:file>
      <spirit:file>
        <spirit:name>src/user_app.vhd</spirit:name>
        <spirit:fileType>vhdlSource</spirit:fileType>
      </spirit:file>
      <spirit:file>
        <spirit:name>src/wrapper.vhd</spirit:name>
        <spirit:fileType>vhdlSource</spirit:fileType>
      </spirit:file>
      <spirit:file>
        <spirit:name>hdl/fibonacci_v1_0_S00_AXI.vhd</spirit:name>
        <spirit:fileType>vhdlSource</spirit:fileType>
      </spirit:file>
      <spirit:file>
        <spirit:name>hdl/fibonacci_v1_0.vhd</spirit:name>
        <spirit:fileType>vhdlSource</spirit:fileType>
        <spirit:userFileType>CHECKSUM_7d48232c</spirit:userFileType>
      </spirit:file>
    </spirit:fileSet>
    <spirit:fileSet>
      <spirit:name>xilinx_vhdlbehavioralsimulation_view_fileset</spirit:name>
      <spirit:file>
        <spirit:name>src/config_pkg.vhd</spirit:name>
        <spirit:fileType>vhdlSource</spirit:fileType>
      </spirit:file>
      <spirit:file>
        <spirit:name>src/datapath.vhd</spirit:name>
        <spirit:fileType>vhdlSource</spirit:fileType>
      </spirit:file>
      <spirit:file>
        <spirit:name>src/fsm.vhd</spirit:name>
        <spirit:fileType>vhdlSource</spirit:fileType>
      </spirit:file>
      <spirit:file>
        <spirit:name>src/fib.vhd</spirit:name>
        <spirit:fileType>vhdlSource</spirit:fileType>
      </spirit:file>
      <spirit:file>
        <spirit:name>src/user_pkg.vhd</spirit:name>
        <spirit:fileType>vhdlSource</spirit:fileType>
      </spirit:file>
      <spirit:file>
        <spirit:name>src/memory_map.vhd</spirit:name>
        <spirit:fileType>vhdlSource</spirit:fileType>
      </spirit:file>
      <spirit:file>
        <spirit:name>src/user_app.vhd</spirit:name>
        <spirit:fileType>vhdlSource</spirit:fileType>
      </spirit:file>
      <spirit:file>
        <spirit:name>src/wrapper.vhd</spirit:name>
        <spirit:fileType>vhdlSource</spirit:fileType>
      </spirit:file>
      <spirit:file>
        <spirit:name>hdl/fibonacci_v1_0_S00_AXI.vhd</spirit:name>
        <spirit:fileType>vhdlSource</spirit:fileType>
      </spirit:file>
      <spirit:file>
        <spirit:name>hdl/fibonacci_v1_0.vhd</spirit:name>
        <spirit:fileType>vhdlSource</spirit:fileType>
      </spirit:file>
    </spirit:fileSet>
    <spirit:fileSet>
      <spirit:name>xilinx_softwaredriver_view_fileset</spirit:name>
      <spirit:file>
        <spirit:name>drivers/fibonacci_v1_0/data/fibonacci.mdd</spirit:name>
        <spirit:userFileType>mdd</spirit:userFileType>
        <spirit:userFileType>driver_mdd</spirit:userFileType>
      </spirit:file>
      <spirit:file>
        <spirit:name>drivers/fibonacci_v1_0/data/fibonacci.tcl</spirit:name>
        <spirit:fileType>tclSource</spirit:fileType>
        <spirit:userFileType>driver_tcl</spirit:userFileType>
      </spirit:file>
      <spirit:file>
        <spirit:name>drivers/fibonacci_v1_0/src/Makefile</spirit:name>
        <spirit:userFileType>driver_src</spirit:userFileType>
      </spirit:file>
      <spirit:file>
        <spirit:name>drivers/fibonacci_v1_0/src/fibonacci.h</spirit:name>
        <spirit:fileType>cSource</spirit:fileType>
        <spirit:userFileType>driver_src</spirit:userFileType>
      </spirit:file>
      <spirit:file>
        <spirit:name>drivers/fibonacci_v1_0/src/fibonacci.c</spirit:name>
        <spirit:fileType>cSource</spirit:fileType>
        <spirit:userFileType>driver_src</spirit:userFileType>
      </spirit:file>
      <spirit:file>
        <spirit:name>drivers/fibonacci_v1_0/src/fibonacci_selftest.c</spirit:name>
        <spirit:fileType>cSource</spirit:fileType>
        <spirit:userFileType>driver_src</spirit:userFileType>
      </spirit:file>
    </spirit:fileSet>
    <spirit:fileSet>
      <spirit:name>xilinx_xpgui_view_fileset</spirit:name>
      <spirit:file>
        <spirit:name>xgui/fibonacci_v1_0.tcl</spirit:name>
        <spirit:fileType>tclSource</spirit:fileType>
        <spirit:userFileType>CHECKSUM_35c26f22</spirit:userFileType>
        <spirit:userFileType>XGUI_VERSION_2</spirit:userFileType>
      </spirit:file>
    </spirit:fileSet>
    <spirit:fileSet>
      <spirit:name>bd_tcl_view_fileset</spirit:name>
      <spirit:file>
        <spirit:name>bd/bd.tcl</spirit:name>
        <spirit:fileType>tclSource</spirit:fileType>
      </spirit:file>
    </spirit:fileSet>
    <spirit:fileSet>
      <spirit:name>xilinx_testbench_view_fileset</spirit:name>
      <spirit:file>
        <spirit:name>src/user_app_tb.vhd</spirit:name>
        <spirit:fileType>vhdlSource</spirit:fileType>
        <spirit:userFileType>USED_IN_simulation</spirit:userFileType>
        <spirit:userFileType>USED_IN_testbench</spirit:userFileType>
      </spirit:file>
    </spirit:fileSet>
  </spirit:fileSets>
  <spirit:description>Fibonacci Calculator AXI IP</spirit:description>
  <spirit:parameters>
    <spirit:parameter>
      <spirit:name>C_S00_AXI_DATA_WIDTH</spirit:name>
      <spirit:displayName>C S00 AXI DATA WIDTH</spirit:displayName>
      <spirit:description>Width of S_AXI data bus</spirit:description>
      <spirit:value spirit:format="long" spirit:resolve="user" spirit:id="PARAM_VALUE.C_S00_AXI_DATA_WIDTH" spirit:choiceRef="choice_list_6fc15197" spirit:order="3">32</spirit:value>
      <spirit:vendorExtensions>
        <xilinx:parameterInfo>
          <xilinx:enablement>
            <xilinx:isEnabled xilinx:id="PARAM_ENABLEMENT.C_S00_AXI_DATA_WIDTH">false</xilinx:isEnabled>
          </xilinx:enablement>
        </xilinx:parameterInfo>
      </spirit:vendorExtensions>
    </spirit:parameter>
    <spirit:parameter>
      <spirit:name>C_S00_AXI_ADDR_WIDTH</spirit:name>
      <spirit:displayName>C S00 AXI ADDR WIDTH</spirit:displayName>
      <spirit:description>Width of S_AXI address bus</spirit:description>
      <spirit:value spirit:format="long" spirit:resolve="user" spirit:id="PARAM_VALUE.C_S00_AXI_ADDR_WIDTH" spirit:choiceRef="choice_list_0fbde0c1" spirit:order="4">20</spirit:value>
      <spirit:vendorExtensions>
        <xilinx:parameterInfo>
          <xilinx:enablement>
            <xilinx:isEnabled xilinx:id="PARAM_ENABLEMENT.C_S00_AXI_ADDR_WIDTH">false</xilinx:isEnabled>
          </xilinx:enablement>
        </xilinx:parameterInfo>
      </spirit:vendorExtensions>
    </spirit:parameter>
    <spirit:parameter>
      <spirit:name>C_S00_AXI_BASEADDR</spirit:name>
      <spirit:displayName>C S00 AXI BASEADDR</spirit:displayName>
      <spirit:value spirit:format="bitString" spirit:resolve="user" spirit:id="PARAM_VALUE.C_S00_AXI_BASEADDR" spirit:order="5" spirit:bitStringLength="32">0xFFFFFFFF</spirit:value>
      <spirit:vendorExtensions>
        <xilinx:parameterInfo>
          <xilinx:enablement>
            <xilinx:isEnabled xilinx:id="PARAM_ENABLEMENT.C_S00_AXI_BASEADDR">false</xilinx:isEnabled>
          </xilinx:enablement>
        </xilinx:parameterInfo>
      </spirit:vendorExtensions>
    </spirit:parameter>
    <spirit:parameter>
      <spirit:name>C_S00_AXI_HIGHADDR</spirit:name>
      <spirit:displayName>C S00 AXI HIGHADDR</spirit:displayName>
      <spirit:value spirit:format="bitString" spirit:resolve="user" spirit:id="PARAM_VALUE.C_S00_AXI_HIGHADDR" spirit:order="6" spirit:bitStringLength="32">0x00000000</spirit:value>
      <spirit:vendorExtensions>
        <xilinx:parameterInfo>
          <xilinx:enablement>
            <xilinx:isEnabled xilinx:id="PARAM_ENABLEMENT.C_S00_AXI_HIGHADDR">false</xilinx:isEnabled>
          </xilinx:enablement>
        </xilinx:parameterInfo>
      </spirit:vendorExtensions>
    </spirit:parameter>
    <spirit:parameter>
      <spirit:name>Component_Name</spirit:name>
      <spirit:value spirit:resolve="user" spirit:id="PARAM_VALUE.Component_Name" spirit:order="1">fibonacci_v1_0</spirit:value>
    </spirit:parameter>
  </spirit:parameters>
  <spirit:vendorExtensions>
    <xilinx:coreExtensions>
      <xilinx:supportedFamilies>
        <xilinx:family xilinx:lifeCycle="Pre-Production">zynq</xilinx:family>
      </xilinx:supportedFamilies>
      <xilinx:taxonomies>
        <xilinx:taxonomy>AXI_Peripheral</xilinx:taxonomy>
      </xilinx:taxonomies>
      <xilinx:displayName>fibonacci_v1.0</xilinx:displayName>
      <xilinx:coreRevision>8</xilinx:coreRevision>
      <xilinx:coreCreationDateTime>2023-10-21T23:36:15Z</xilinx:coreCreationDateTime>
      <xilinx:tags>
        <xilinx:tag xilinx:name="ui.data.coregen.df@59300795_ARCHIVE_LOCATION">c:/Users/gstitt/ip_repo/fibonacci_1.0</xilinx:tag>
        <xilinx:tag xilinx:name="ui.data.coregen.df@b149858_ARCHIVE_LOCATION">c:/Users/gstitt/ip_repo/fibonacci_1.0</xilinx:tag>
        <xilinx:tag xilinx:name="ui.data.coregen.df@46b70d37_ARCHIVE_LOCATION">c:/Users/gstitt/ip_repo/fibonacci_1.0</xilinx:tag>
        <xilinx:tag xilinx:name="ui.data.coregen.df@32260370_ARCHIVE_LOCATION">c:/Users/gstitt/ip_repo/fibonacci_1.0</xilinx:tag>
        <xilinx:tag xilinx:name="ui.data.coregen.df@4144364c_ARCHIVE_LOCATION">c:/Users/gstitt/ip_repo/fibonacci_1.0</xilinx:tag>
        <xilinx:tag xilinx:name="ui.data.coregen.df@56c07419_ARCHIVE_LOCATION">c:/Users/gstitt/ip_repo/fibonacci_1.0</xilinx:tag>
        <xilinx:tag xilinx:name="ui.data.coregen.df@2ba01d62_ARCHIVE_LOCATION">c:/Users/gstitt/ip_repo/fibonacci_1.0</xilinx:tag>
        <xilinx:tag xilinx:name="ui.data.coregen.df@5c42391b_ARCHIVE_LOCATION">c:/Users/gstitt/ip_repo/fibonacci_1.0</xilinx:tag>
        <xilinx:tag xilinx:name="ui.data.coregen.df@1efdec92_ARCHIVE_LOCATION">c:/Users/gstitt/ip_repo/fibonacci_1.0</xilinx:tag>
        <xilinx:tag xilinx:name="ui.data.coregen.df@4beb5f4a_ARCHIVE_LOCATION">c:/Users/gstitt/ip_repo/fibonacci_1.0</xilinx:tag>
        <xilinx:tag xilinx:name="ui.data.coregen.df@58b1195f_ARCHIVE_LOCATION">c:/Users/gstitt/ip_repo/fibonacci_1.0</xilinx:tag>
        <xilinx:tag xilinx:name="ui.data.coregen.df@577ee21_ARCHIVE_LOCATION">c:/Users/gstitt/ip_repo/fibonacci_1.0</xilinx:tag>
        <xilinx:tag xilinx:name="ui.data.coregen.df@61bfe23_ARCHIVE_LOCATION">c:/Users/gstitt/ip_repo/fibonacci_1.0</xilinx:tag>
        <xilinx:tag xilinx:name="ui.data.coregen.df@6ca6dab_ARCHIVE_LOCATION">c:/Users/gstitt/ip_repo/fibonacci_1.0</xilinx:tag>
        <xilinx:tag xilinx:name="ui.data.coregen.df@2759af18_ARCHIVE_LOCATION">c:/Users/gstitt/ip_repo/fibonacci_1.0</xilinx:tag>
        <xilinx:tag xilinx:name="ui.data.coregen.df@6c55d9c5_ARCHIVE_LOCATION">c:/Users/gstitt/ip_repo/fibonacci_1.0</xilinx:tag>
        <xilinx:tag xilinx:name="ui.data.coregen.df@19ca97db_ARCHIVE_LOCATION">c:/Users/gstitt/ip_repo/fibonacci_1.0</xilinx:tag>
        <xilinx:tag xilinx:name="ui.data.coregen.df@4deec77a_ARCHIVE_LOCATION">c:/Users/gstitt/ip_repo/fibonacci_1.0</xilinx:tag>
        <xilinx:tag xilinx:name="ui.data.coregen.df@5300bcee_ARCHIVE_LOCATION">c:/Users/gstitt/ip_repo/fibonacci_1.0</xilinx:tag>
        <xilinx:tag xilinx:name="ui.data.coregen.df@57055a84_ARCHIVE_LOCATION">c:/Users/gstitt/ip_repo/fibonacci_1.0</xilinx:tag>
        <xilinx:tag xilinx:name="ui.data.coregen.df@3ec01229_ARCHIVE_LOCATION">c:/Users/gstitt/ip_repo/fibonacci_1.0</xilinx:tag>
        <xilinx:tag xilinx:name="ui.data.coregen.df@4104327f_ARCHIVE_LOCATION">c:/Users/gstitt/ip_repo/fibonacci_1.0</xilinx:tag>
        <xilinx:tag xilinx:name="ui.data.coregen.df@1fba5d43_ARCHIVE_LOCATION">c:/Users/gstitt/ip_repo/fibonacci_1.0</xilinx:tag>
        <xilinx:tag xilinx:name="ui.data.coregen.df@33ce0c83_ARCHIVE_LOCATION">c:/Users/gstitt/ip_repo/fibonacci_1.0</xilinx:tag>
        <xilinx:tag xilinx:name="ui.data.coregen.df@6b7ca00e_ARCHIVE_LOCATION">c:/Users/gstitt/ip_repo/fibonacci_1.0</xilinx:tag>
        <xilinx:tag xilinx:name="ui.data.coregen.df@1c7dd782_ARCHIVE_LOCATION">c:/Users/gstitt/ip_repo/fibonacci_1.0</xilinx:tag>
        <xilinx:tag xilinx:name="ui.data.coregen.df@3bdda691_ARCHIVE_LOCATION">c:/Users/gstitt/ip_repo/fibonacci_1.0</xilinx:tag>
        <xilinx:tag xilinx:name="ui.data.coregen.df@63397a94_ARCHIVE_LOCATION">c:/Users/gstitt/ip_repo/fibonacci_1.0</xilinx:tag>
        <xilinx:tag xilinx:name="ui.data.coregen.df@330744eb_ARCHIVE_LOCATION">c:/Users/gstitt/ip_repo/fibonacci_1.0</xilinx:tag>
        <xilinx:tag xilinx:name="ui.data.coregen.df@21a5718b_ARCHIVE_LOCATION">c:/Users/gstitt/ip_repo/fibonacci_1.0</xilinx:tag>
        <xilinx:tag xilinx:name="ui.data.coregen.df@12d52a09_ARCHIVE_LOCATION">c:/Users/gstitt/ip_repo/fibonacci_1.0</xilinx:tag>
        <xilinx:tag xilinx:name="ui.data.coregen.df@4d9f42e_ARCHIVE_LOCATION">c:/Users/gstitt/ip_repo/fibonacci_1.0</xilinx:tag>
        <xilinx:tag xilinx:name="ui.data.coregen.df@15cd4146_ARCHIVE_LOCATION">c:/Users/gstitt/ip_repo/fibonacci_1.0</xilinx:tag>
        <xilinx:tag xilinx:name="ui.data.coregen.df@2f49b0bb_ARCHIVE_LOCATION">c:/Users/gstitt/ip_repo/fibonacci_1.0</xilinx:tag>
        <xilinx:tag xilinx:name="ui.data.coregen.df@2dbc002d_ARCHIVE_LOCATION">c:/Users/gstitt/ip_repo/fibonacci_1.0</xilinx:tag>
        <xilinx:tag xilinx:name="ui.data.coregen.df@8921842_ARCHIVE_LOCATION">c:/Users/gstitt/ip_repo/fibonacci_1.0</xilinx:tag>
        <xilinx:tag xilinx:name="ui.data.coregen.df@4e0155de_ARCHIVE_LOCATION">c:/Users/gstitt/ip_repo/fibonacci_1.0</xilinx:tag>
        <xilinx:tag xilinx:name="ui.data.coregen.df@1d8d0f97_ARCHIVE_LOCATION">c:/Users/gstitt/ip_repo/fibonacci_1.0</xilinx:tag>
        <xilinx:tag xilinx:name="ui.data.coregen.df@32a2ac0c_ARCHIVE_LOCATION">c:/Users/gstitt/ip_repo/fibonacci_1.0</xilinx:tag>
        <xilinx:tag xilinx:name="ui.data.coregen.df@20788ae1_ARCHIVE_LOCATION">c:/Users/gstitt/ip_repo/fibonacci_1.0</xilinx:tag>
        <xilinx:tag xilinx:name="ui.data.coregen.df@31d4034e_ARCHIVE_LOCATION">c:/Users/gstitt/ip_repo/fibonacci_1.0</xilinx:tag>
        <xilinx:tag xilinx:name="ui.data.coregen.df@2a2cea54_ARCHIVE_LOCATION">c:/Users/gstitt/ip_repo/fibonacci_1.0</xilinx:tag>
        <xilinx:tag xilinx:name="ui.data.coregen.df@8251bc9_ARCHIVE_LOCATION">c:/Users/gstitt/ip_repo/fibonacci_1.0</xilinx:tag>
        <xilinx:tag xilinx:name="ui.data.coregen.df@7a20b53d_ARCHIVE_LOCATION">c:/Users/gstitt/ip_repo/fibonacci_1.0</xilinx:tag>
        <xilinx:tag xilinx:name="ui.data.coregen.df@33b6ac12_ARCHIVE_LOCATION">c:/Users/gstitt/ip_repo/fibonacci_1.0</xilinx:tag>
        <xilinx:tag xilinx:name="ui.data.coregen.df@5a98800f_ARCHIVE_LOCATION">c:/Users/gstitt/ip_repo/fibonacci_1.0</xilinx:tag>
        <xilinx:tag xilinx:name="ui.data.coregen.df@7730eddc_ARCHIVE_LOCATION">c:/Users/gstitt/ip_repo/fibonacci_1.0</xilinx:tag>
        <xilinx:tag xilinx:name="ui.data.coregen.df@6a39591a_ARCHIVE_LOCATION">c:/Users/gstitt/ip_repo/fibonacci_1.0</xilinx:tag>
        <xilinx:tag xilinx:name="ui.data.coregen.df@5365b56_ARCHIVE_LOCATION">c:/Users/gstitt/ip_repo/fibonacci_1.0</xilinx:tag>
        <xilinx:tag xilinx:name="ui.data.coregen.df@1e6ee3ab_ARCHIVE_LOCATION">c:/Users/gstitt/ip_repo/fibonacci_1.0</xilinx:tag>
        <xilinx:tag xilinx:name="ui.data.coregen.df@53ab8fee_ARCHIVE_LOCATION">c:/Users/gstitt/ip_repo/fibonacci_1.0</xilinx:tag>
        <xilinx:tag xilinx:name="ui.data.coregen.df@1e4a91f0_ARCHIVE_LOCATION">c:/Users/gstitt/ip_repo/fibonacci_1.0</xilinx:tag>
        <xilinx:tag xilinx:name="ui.data.coregen.df@334cbbc4_ARCHIVE_LOCATION">c:/Users/gstitt/ip_repo/fibonacci_1.0</xilinx:tag>
        <xilinx:tag xilinx:name="ui.data.coregen.df@ba3971f_ARCHIVE_LOCATION">c:/Users/gstitt/ip_repo/fibonacci_1.0</xilinx:tag>
        <xilinx:tag xilinx:name="ui.data.coregen.df@7460774d_ARCHIVE_LOCATION">c:/Users/gstitt/ip_repo/fibonacci_1.0</xilinx:tag>
        <xilinx:tag xilinx:name="ui.data.coregen.df@3b5081a8_ARCHIVE_LOCATION">c:/Users/gstitt/ip_repo/fibonacci_1.0</xilinx:tag>
        <xilinx:tag xilinx:name="ui.data.coregen.df@34e46d70_ARCHIVE_LOCATION">c:/Users/gstitt/ip_repo/fibonacci_1.0</xilinx:tag>
        <xilinx:tag xilinx:name="ui.data.coregen.df@68fa8f43_ARCHIVE_LOCATION">c:/Users/gstitt/ip_repo/fibonacci_1.0</xilinx:tag>
        <xilinx:tag xilinx:name="ui.data.coregen.df@554d5edc_ARCHIVE_LOCATION">c:/Users/gstitt/ip_repo/fibonacci_1.0</xilinx:tag>
        <xilinx:tag xilinx:name="ui.data.coregen.df@702f1256_ARCHIVE_LOCATION">c:/Users/gstitt/ip_repo/fibonacci_1.0</xilinx:tag>
        <xilinx:tag xilinx:name="ui.data.coregen.df@5a88f0ac_ARCHIVE_LOCATION">c:/Users/gstitt/ip_repo/fibonacci_1.0</xilinx:tag>
        <xilinx:tag xilinx:name="ui.data.coregen.df@300354c5_ARCHIVE_LOCATION">c:/Users/gstitt/ip_repo/fibonacci_1.0</xilinx:tag>
        <xilinx:tag xilinx:name="ui.data.coregen.df@6afea42b_ARCHIVE_LOCATION">c:/Users/gstitt/ip_repo/fibonacci_1.0</xilinx:tag>
        <xilinx:tag xilinx:name="ui.data.coregen.df@7326286f_ARCHIVE_LOCATION">c:/Users/gstitt/ip_repo/fibonacci_1.0</xilinx:tag>
        <xilinx:tag xilinx:name="ui.data.coregen.df@2f484b66_ARCHIVE_LOCATION">c:/Users/gstitt/ip_repo/fibonacci_1.0</xilinx:tag>
        <xilinx:tag xilinx:name="ui.data.coregen.df@34848e5e_ARCHIVE_LOCATION">c:/Users/gstitt/ip_repo/fibonacci_1.0</xilinx:tag>
        <xilinx:tag xilinx:name="ui.data.coregen.df@6fb7ab4a_ARCHIVE_LOCATION">c:/Users/gstitt/ip_repo/fibonacci_1.0</xilinx:tag>
        <xilinx:tag xilinx:name="ui.data.coregen.df@2ca1c802_ARCHIVE_LOCATION">c:/Users/gstitt/ip_repo/fibonacci_1.0</xilinx:tag>
        <xilinx:tag xilinx:name="ui.data.coregen.df@4b276988_ARCHIVE_LOCATION">c:/Users/gstitt/ip_repo/fibonacci_1.0</xilinx:tag>
        <xilinx:tag xilinx:name="ui.data.coregen.df@5a2ee6f9_ARCHIVE_LOCATION">c:/Users/gstitt/ip_repo/fibonacci_1.0</xilinx:tag>
        <xilinx:tag xilinx:name="ui.data.coregen.df@8572a34_ARCHIVE_LOCATION">c:/Users/gstitt/ip_repo/fibonacci_1.0</xilinx:tag>
        <xilinx:tag xilinx:name="ui.data.coregen.df@513c96a6_ARCHIVE_LOCATION">c:/Users/gstitt/ip_repo/fibonacci_1.0</xilinx:tag>
        <xilinx:tag xilinx:name="ui.data.coregen.df@17cdbfed_ARCHIVE_LOCATION">c:/Users/gstitt/ip_repo/fibonacci_1.0</xilinx:tag>
        <xilinx:tag xilinx:name="ui.data.coregen.df@534de9a4_ARCHIVE_LOCATION">c:/Users/gstitt/ip_repo/fibonacci_1.0</xilinx:tag>
        <xilinx:tag xilinx:name="ui.data.coregen.df@45338617_ARCHIVE_LOCATION">c:/Users/gstitt/ip_repo/fibonacci_1.0</xilinx:tag>
        <xilinx:tag xilinx:name="ui.data.coregen.df@689801a8_ARCHIVE_LOCATION">c:/Users/gstitt/ip_repo/fibonacci_1.0</xilinx:tag>
        <xilinx:tag xilinx:name="ui.data.coregen.df@98a94b0_ARCHIVE_LOCATION">c:/Users/gstitt/ip_repo/fibonacci_1.0</xilinx:tag>
        <xilinx:tag xilinx:name="ui.data.coregen.df@29b9635b_ARCHIVE_LOCATION">c:/Users/gstitt/ip_repo/fibonacci_1.0</xilinx:tag>
        <xilinx:tag xilinx:name="ui.data.coregen.df@5736c0de_ARCHIVE_LOCATION">c:/Users/gstitt/ip_repo/fibonacci_1.0</xilinx:tag>
        <xilinx:tag xilinx:name="ui.data.coregen.df@105a372d_ARCHIVE_LOCATION">c:/Users/gstitt/ip_repo/fibonacci_1.0</xilinx:tag>
        <xilinx:tag xilinx:name="ui.data.coregen.df@4d0ceea3_ARCHIVE_LOCATION">c:/Users/gstitt/ip_repo/fibonacci_1.0</xilinx:tag>
        <xilinx:tag xilinx:name="ui.data.coregen.df@6315cc7a_ARCHIVE_LOCATION">c:/Users/gstitt/ip_repo/fibonacci_1.0</xilinx:tag>
        <xilinx:tag xilinx:name="ui.data.coregen.df@23c12af0_ARCHIVE_LOCATION">c:/Users/gstitt/ip_repo/fibonacci_1.0</xilinx:tag>
        <xilinx:tag xilinx:name="ui.data.coregen.df@97c62b8_ARCHIVE_LOCATION">c:/Users/gstitt/ip_repo/fibonacci_1.0</xilinx:tag>
        <xilinx:tag xilinx:name="ui.data.coregen.df@539f9961_ARCHIVE_LOCATION">c:/Users/gstitt/ip_repo/fibonacci_1.0</xilinx:tag>
        <xilinx:tag xilinx:name="ui.data.coregen.df@2d13031_ARCHIVE_LOCATION">c:/Users/gstitt/ip_repo/fibonacci_1.0</xilinx:tag>
        <xilinx:tag xilinx:name="ui.data.coregen.df@350b7743_ARCHIVE_LOCATION">c:/Users/gstitt/ip_repo/fibonacci_1.0</xilinx:tag>
        <xilinx:tag xilinx:name="ui.data.coregen.df@3ab01e7_ARCHIVE_LOCATION">c:/Users/gstitt/ip_repo/fibonacci_1.0</xilinx:tag>
        <xilinx:tag xilinx:name="ui.data.coregen.df@6fc5eb61_ARCHIVE_LOCATION">c:/Users/gstitt/ip_repo/fibonacci_1.0</xilinx:tag>
        <xilinx:tag xilinx:name="ui.data.coregen.df@711bc268_ARCHIVE_LOCATION">c:/Users/gstitt/ip_repo/fibonacci_1.0</xilinx:tag>
        <xilinx:tag xilinx:name="ui.data.coregen.df@29feba24_ARCHIVE_LOCATION">c:/Users/gstitt/ip_repo/fibonacci_1.0</xilinx:tag>
        <xilinx:tag xilinx:name="ui.data.coregen.df@4aecba61_ARCHIVE_LOCATION">c:/Users/gstitt/ip_repo/fibonacci_1.0</xilinx:tag>
        <xilinx:tag xilinx:name="ui.data.coregen.df@158ea129_ARCHIVE_LOCATION">c:/Users/gstitt/ip_repo/fibonacci_1.0</xilinx:tag>
        <xilinx:tag xilinx:name="ui.data.coregen.df@26dc5b70_ARCHIVE_LOCATION">c:/Users/gstitt/ip_repo/fibonacci_1.0</xilinx:tag>
        <xilinx:tag xilinx:name="ui.data.coregen.df@eb4626_ARCHIVE_LOCATION">c:/Users/gstitt/ip_repo/fibonacci_1.0</xilinx:tag>
        <xilinx:tag xilinx:name="ui.data.coregen.df@6c56b801_ARCHIVE_LOCATION">c:/Users/gstitt/ip_repo/fibonacci_1.0</xilinx:tag>
        <xilinx:tag xilinx:name="ui.data.coregen.df@65252345_ARCHIVE_LOCATION">c:/Users/gstitt/ip_repo/fibonacci_1.0</xilinx:tag>
        <xilinx:tag xilinx:name="ui.data.coregen.df@a72d4d4_ARCHIVE_LOCATION">c:/Users/gstitt/ip_repo/fibonacci_1.0</xilinx:tag>
        <xilinx:tag xilinx:name="ui.data.coregen.df@606ae796_ARCHIVE_LOCATION">c:/Users/kdt91/OneDrive/Documents/Vivado_Projects/reconfig_ip_repo/fibonacci_1.0</xilinx:tag>
        <xilinx:tag xilinx:name="ui.data.coregen.df@40e39b04_ARCHIVE_LOCATION">c:/Users/kdt91/OneDrive/Documents/Vivado_Projects/reconfig_ip_repo/fibonacci_1.0</xilinx:tag>
        <xilinx:tag xilinx:name="ui.data.coregen.df@d089ff1_ARCHIVE_LOCATION">c:/Users/kdt91/OneDrive/Documents/Vivado_Projects/reconfig_ip_repo/fibonacci_1.0</xilinx:tag>
        <xilinx:tag xilinx:name="ui.data.coregen.df@16240ba7_ARCHIVE_LOCATION">c:/Users/kdt91/OneDrive/Documents/Vivado_Projects/reconfig_ip_repo/fibonacci_1.0</xilinx:tag>
        <xilinx:tag xilinx:name="ui.data.coregen.df@47a5ac32_ARCHIVE_LOCATION">c:/Users/kdt91/OneDrive/Documents/Vivado_Projects/reconfig_ip_repo/fibonacci_1.0</xilinx:tag>
        <xilinx:tag xilinx:name="ui.data.coregen.df@26c4490d_ARCHIVE_LOCATION">c:/Users/kdt91/OneDrive/Documents/Vivado_Projects/reconfig_ip_repo/fibonacci_1.0</xilinx:tag>
        <xilinx:tag xilinx:name="ui.data.coregen.df@3a5f12b2_ARCHIVE_LOCATION">c:/Users/kdt91/OneDrive/Documents/Vivado_Projects/reconfig_ip_repo/fibonacci_1.0</xilinx:tag>
        <xilinx:tag xilinx:name="ui.data.coregen.df@1c5771f8_ARCHIVE_LOCATION">c:/Users/kdt91/OneDrive/Documents/Vivado_Projects/reconfig_ip_repo/fibonacci_1.0</xilinx:tag>
        <xilinx:tag xilinx:name="ui.data.coregen.df@62a40f66_ARCHIVE_LOCATION">c:/Users/kdt91/OneDrive/Documents/Vivado_Projects/reconfig_ip_repo/fibonacci_1.0</xilinx:tag>
        <xilinx:tag xilinx:name="ui.data.coregen.df@6ae3e65_ARCHIVE_LOCATION">c:/Users/kdt91/OneDrive/Documents/Vivado_Projects/reconfig_ip_repo/fibonacci_1.0</xilinx:tag>
        <xilinx:tag xilinx:name="ui.data.coregen.df@5345b184_ARCHIVE_LOCATION">c:/Users/kdt91/OneDrive/Documents/Vivado_Projects/reconfig_ip_repo/fibonacci_1.0</xilinx:tag>
        <xilinx:tag xilinx:name="ui.data.coregen.df@5e05afab_ARCHIVE_LOCATION">c:/Users/kdt91/OneDrive/Documents/Vivado_Projects/reconfig_ip_repo/fibonacci_1.0</xilinx:tag>
        <xilinx:tag xilinx:name="ui.data.coregen.df@67722f00_ARCHIVE_LOCATION">c:/Users/kdt91/OneDrive/Documents/Vivado_Projects/reconfig_ip_repo/fibonacci_1.0</xilinx:tag>
        <xilinx:tag xilinx:name="ui.data.coregen.df@489206ef_ARCHIVE_LOCATION">c:/Users/kdt91/OneDrive/Documents/Vivado_Projects/reconfig_ip_repo/fibonacci_1.0</xilinx:tag>
        <xilinx:tag xilinx:name="ui.data.coregen.df@2f94ba19_ARCHIVE_LOCATION">c:/Users/kdt91/OneDrive/Documents/Vivado_Projects/reconfig_ip_repo/fibonacci_1.0</xilinx:tag>
        <xilinx:tag xilinx:name="ui.data.coregen.df@10685cbb_ARCHIVE_LOCATION">c:/Users/kdt91/OneDrive/Documents/Vivado_Projects/reconfig_ip_repo/fibonacci_1.0</xilinx:tag>
        <xilinx:tag xilinx:name="ui.data.coregen.df@541cf506_ARCHIVE_LOCATION">c:/Users/kdt91/OneDrive/Documents/Vivado_Projects/reconfig_ip_repo/fibonacci_1.0</xilinx:tag>
        <xilinx:tag xilinx:name="ui.data.coregen.df@5cd7899b_ARCHIVE_LOCATION">c:/Users/kdt91/OneDrive/Documents/Vivado_Projects/reconfig_ip_repo/fibonacci_1.0</xilinx:tag>
        <xilinx:tag xilinx:name="ui.data.coregen.df@ac4a8c0_ARCHIVE_LOCATION">c:/Users/kdt91/OneDrive/Documents/Vivado_Projects/reconfig_ip_repo/fibonacci_1.0</xilinx:tag>
        <xilinx:tag xilinx:name="ui.data.coregen.df@1425494b_ARCHIVE_LOCATION">c:/Users/kdt91/OneDrive/Documents/Vivado_Projects/reconfig_ip_repo/fibonacci_1.0</xilinx:tag>
        <xilinx:tag xilinx:name="ui.data.coregen.df@61428d73_ARCHIVE_LOCATION">c:/Users/kdt91/OneDrive/Documents/Vivado_Projects/reconfig_ip_repo/fibonacci_1.0</xilinx:tag>
        <xilinx:tag xilinx:name="ui.data.coregen.df@2a35e016_ARCHIVE_LOCATION">c:/Users/kdt91/OneDrive/Documents/Vivado_Projects/reconfig_ip_repo/fibonacci_1.0</xilinx:tag>
        <xilinx:tag xilinx:name="ui.data.coregen.df@481cc346_ARCHIVE_LOCATION">c:/Users/kdt91/OneDrive/Documents/Vivado_Projects/reconfig_ip_repo/fibonacci_1.0</xilinx:tag>
        <xilinx:tag xilinx:name="ui.data.coregen.df@1c5b70a4_ARCHIVE_LOCATION">c:/Users/kdt91/OneDrive/Documents/Vivado_Projects/reconfig_ip_repo/fibonacci_1.0</xilinx:tag>
        <xilinx:tag xilinx:name="ui.data.coregen.df@3b6f31b7_ARCHIVE_LOCATION">c:/Users/kdt91/OneDrive/Documents/Vivado_Projects/reconfig_ip_repo/fibonacci_1.0</xilinx:tag>
        <xilinx:tag xilinx:name="ui.data.coregen.df@1f6d8c14_ARCHIVE_LOCATION">c:/Users/kdt91/OneDrive/Documents/Vivado_Projects/reconfig_ip_repo/fibonacci_1.0</xilinx:tag>
        <xilinx:tag xilinx:name="ui.data.coregen.df@507227f1_ARCHIVE_LOCATION">c:/Users/kdt91/OneDrive/Documents/Vivado_Projects/reconfig_ip_repo/fibonacci_1.0</xilinx:tag>
        <xilinx:tag xilinx:name="ui.data.coregen.df@1329e179_ARCHIVE_LOCATION">c:/Users/kdt91/OneDrive/Documents/Vivado_Projects/reconfig_ip_repo/fibonacci_1.0</xilinx:tag>
        <xilinx:tag xilinx:name="ui.data.coregen.df@7adbcebb_ARCHIVE_LOCATION">c:/Users/kdt91/OneDrive/Documents/Vivado_Projects/reconfig_ip_repo/fibonacci_1.0</xilinx:tag>
        <xilinx:tag xilinx:name="ui.data.coregen.df@74db3dee_ARCHIVE_LOCATION">c:/Users/kdt91/OneDrive/Documents/Vivado_Projects/reconfig_ip_repo/fibonacci_1.0</xilinx:tag>
        <xilinx:tag xilinx:name="ui.data.coregen.df@3a0aadf2_ARCHIVE_LOCATION">c:/Users/kdt91/OneDrive/Documents/Vivado_Projects/reconfig_ip_repo/fibonacci_1.0</xilinx:tag>
        <xilinx:tag xilinx:name="ui.data.coregen.df@17f04d15_ARCHIVE_LOCATION">c:/Users/kdt91/OneDrive/Documents/Vivado_Projects/reconfig_ip_repo/fibonacci_1.0</xilinx:tag>
        <xilinx:tag xilinx:name="ui.data.coregen.df@845ba2f_ARCHIVE_LOCATION">c:/Users/kdt91/OneDrive/Documents/Vivado_Projects/reconfig_ip_repo/fibonacci_1.0</xilinx:tag>
        <xilinx:tag xilinx:name="ui.data.coregen.df@133a886a_ARCHIVE_LOCATION">c:/Users/kdt91/OneDrive/Documents/Vivado_Projects/reconfig_ip_repo/fibonacci_1.0</xilinx:tag>
        <xilinx:tag xilinx:name="ui.data.coregen.df@31006f02_ARCHIVE_LOCATION">c:/Users/kdt91/OneDrive/Documents/Vivado_Projects/reconfig_ip_repo/fibonacci_1.0</xilinx:tag>
        <xilinx:tag xilinx:name="ui.data.coregen.df@2675bbea_ARCHIVE_LOCATION">c:/Users/kdt91/OneDrive/Documents/Vivado_Projects/reconfig_ip_repo/fibonacci_1.0</xilinx:tag>
        <xilinx:tag xilinx:name="ui.data.coregen.df@20485b0a_ARCHIVE_LOCATION">c:/Users/kdt91/OneDrive/Documents/Vivado_Projects/reconfig_ip_repo/fibonacci_1.0</xilinx:tag>
        <xilinx:tag xilinx:name="ui.data.coregen.df@66784ac5_ARCHIVE_LOCATION">c:/Users/kdt91/OneDrive/Documents/Vivado_Projects/reconfig_ip_repo/fibonacci_1.0</xilinx:tag>
        <xilinx:tag xilinx:name="ui.data.coregen.df@c0fd7d5_ARCHIVE_LOCATION">c:/Users/kdt91/OneDrive/Documents/Vivado_Projects/reconfig_ip_repo/fibonacci_1.0</xilinx:tag>
        <xilinx:tag xilinx:name="ui.data.coregen.df@2a244798_ARCHIVE_LOCATION">c:/Users/kdt91/OneDrive/Documents/Vivado_Projects/reconfig_ip_repo/fibonacci_1.0</xilinx:tag>
        <xilinx:tag xilinx:name="ui.data.coregen.df@490f16ab_ARCHIVE_LOCATION">c:/Users/kdt91/OneDrive/Documents/Vivado_Projects/reconfig_ip_repo/fibonacci_1.0</xilinx:tag>
        <xilinx:tag xilinx:name="ui.data.coregen.df@58ee7d7b_ARCHIVE_LOCATION">c:/Users/kdt91/OneDrive/Documents/Vivado_Projects/reconfig_ip_repo/fibonacci_1.0</xilinx:tag>
        <xilinx:tag xilinx:name="ui.data.coregen.df@58721666_ARCHIVE_LOCATION">c:/Users/kdt91/OneDrive/Documents/Vivado_Projects/reconfig_ip_repo/fibonacci_1.0</xilinx:tag>
        <xilinx:tag xilinx:name="ui.data.coregen.df@170a6f9_ARCHIVE_LOCATION">c:/Users/kdt91/OneDrive/Documents/Vivado_Projects/reconfig_ip_repo/fibonacci_1.0</xilinx:tag>
        <xilinx:tag xilinx:name="ui.data.coregen.df@132c6fee_ARCHIVE_LOCATION">c:/Users/kdt91/OneDrive/Documents/Vivado_Projects/reconfig_ip_repo/fibonacci_1.0</xilinx:tag>
        <xilinx:tag xilinx:name="ui.data.coregen.df@343f9ad9_ARCHIVE_LOCATION">c:/Users/kdt91/OneDrive/Documents/Vivado_Projects/reconfig_ip_repo/fibonacci_1.0</xilinx:tag>
        <xilinx:tag xilinx:name="ui.data.coregen.df@23b721ad_ARCHIVE_LOCATION">c:/Users/kdt91/OneDrive/Documents/Vivado_Projects/reconfig_ip_repo/fibonacci_1.0</xilinx:tag>
        <xilinx:tag xilinx:name="ui.data.coregen.df@72b49f48_ARCHIVE_LOCATION">c:/Users/kdt91/OneDrive/Documents/Vivado_Projects/reconfig_ip_repo/fibonacci_1.0</xilinx:tag>
        <xilinx:tag xilinx:name="ui.data.coregen.df@77e68e21_ARCHIVE_LOCATION">c:/Users/kdt91/OneDrive/Documents/Vivado_Projects/reconfig_ip_repo/fibonacci_1.0</xilinx:tag>
        <xilinx:tag xilinx:name="ui.data.coregen.df@221f10c0_ARCHIVE_LOCATION">c:/Users/kdt91/OneDrive/Documents/Vivado_Projects/reconfig_ip_repo/fibonacci_1.0</xilinx:tag>
        <xilinx:tag xilinx:name="ui.data.coregen.df@7f929f3a_ARCHIVE_LOCATION">c:/Users/kdt91/OneDrive/Documents/Vivado_Projects/reconfig_ip_repo/fibonacci_1.0</xilinx:tag>
        <xilinx:tag xilinx:name="ui.data.coregen.df@2b3a9897_ARCHIVE_LOCATION">c:/Users/kdt91/OneDrive/Documents/Vivado_Projects/reconfig_ip_repo/fibonacci_1.0</xilinx:tag>
        <xilinx:tag xilinx:name="ui.data.coregen.df@676b3414_ARCHIVE_LOCATION">c:/Users/kdt91/OneDrive/Documents/Vivado_Projects/reconfig_ip_repo/fibonacci_1.0</xilinx:tag>
        <xilinx:tag xilinx:name="ui.data.coregen.df@696bae73_ARCHIVE_LOCATION">c:/Users/kdt91/OneDrive/Documents/Vivado_Projects/reconfig_ip_repo/fibonacci_1.0</xilinx:tag>
        <xilinx:tag xilinx:name="ui.data.coregen.df@17269a6c_ARCHIVE_LOCATION">c:/Users/kdt91/OneDrive/Documents/Vivado_Projects/reconfig_ip_repo/fibonacci_1.0</xilinx:tag>
        <xilinx:tag xilinx:name="ui.data.coregen.df@18566aa2_ARCHIVE_LOCATION">c:/Users/kdt91/OneDrive/Documents/Vivado_Projects/reconfig_ip_repo/fibonacci_1.0</xilinx:tag>
        <xilinx:tag xilinx:name="ui.data.coregen.df@b53eff2_ARCHIVE_LOCATION">c:/Users/kdt91/OneDrive/Documents/Vivado_Projects/reconfig_ip_repo/fibonacci_1.0</xilinx:tag>
        <xilinx:tag xilinx:name="ui.data.coregen.df@f7b0857_ARCHIVE_LOCATION">c:/Users/kdt91/OneDrive/Documents/Vivado_Projects/reconfig_ip_repo/fibonacci_1.0</xilinx:tag>
        <xilinx:tag xilinx:name="ui.data.coregen.df@4f2594f2_ARCHIVE_LOCATION">c:/Users/kdt91/OneDrive/Documents/Vivado_Projects/reconfig_ip_repo/fibonacci_1.0</xilinx:tag>
        <xilinx:tag xilinx:name="ui.data.coregen.df@5130dde_ARCHIVE_LOCATION">c:/Users/kdt91/OneDrive/Documents/Vivado_Projects/reconfig_ip_repo/fibonacci_1.0</xilinx:tag>
        <xilinx:tag xilinx:name="ui.data.coregen.df@6c93ecd4_ARCHIVE_LOCATION">c:/Users/kdt91/OneDrive/Documents/Vivado_Projects/reconfig_ip_repo/fibonacci_1.0</xilinx:tag>
        <xilinx:tag xilinx:name="ui.data.coregen.df@2c2d592d_ARCHIVE_LOCATION">c:/Users/kdt91/OneDrive/Documents/Vivado_Projects/reconfig_ip_repo/fibonacci_1.0</xilinx:tag>
        <xilinx:tag xilinx:name="ui.data.coregen.df@1accae4a_ARCHIVE_LOCATION">c:/Users/kdt91/OneDrive/Documents/Vivado_Projects/reconfig_ip_repo/fibonacci_1.0</xilinx:tag>
        <xilinx:tag xilinx:name="ui.data.coregen.df@3ae14c07_ARCHIVE_LOCATION">c:/Users/kdt91/OneDrive/Documents/Vivado_Projects/reconfig_ip_repo/fibonacci_1.0</xilinx:tag>
      </xilinx:tags>
    </xilinx:coreExtensions>
    <xilinx:packagingInfo>
      <xilinx:xilinxVersion>2021.2</xilinx:xilinxVersion>
      <xilinx:checksum xilinx:scope="busInterfaces" xilinx:value="7a63f3fc"/>
      <xilinx:checksum xilinx:scope="memoryMaps" xilinx:value="ed1368d5"/>
      <xilinx:checksum xilinx:scope="fileGroups" xilinx:value="a664285a"/>
      <xilinx:checksum xilinx:scope="ports" xilinx:value="0b3bd965"/>
      <xilinx:checksum xilinx:scope="hdlParameters" xilinx:value="72da4266"/>
      <xilinx:checksum xilinx:scope="parameters" xilinx:value="c0eb6ac0"/>
    </xilinx:packagingInfo>
  </spirit:vendorExtensions>
</spirit:component>
